{
    "Infor": [
        {
            "Conf": 0.0,
            "Desc": "đa chấn thương",
            "ICD_Code": "T07"
        },
        {
            "Conf": 0.0,
            "Desc": "chấn thương sọ não",
            "ICD_Code": "S06"
        },
        {
            "Conf": 0.0,
            "Desc": "xuất huyết dưới nhện",
            "ICD_Code": "I60"
        },
        {
            "Conf": 0.0,
            "Desc": "trên trái gãy",
            "ICD_Code": "S72"
        },
        {
            "Conf": 0.0,
            "Desc": "1 3",
            "ICD_Code": "Notdef"
        }
    ]
}